{
  "areas": [
    {
      "nombre": "Area 1 TEST",
      "id": 1
    },
    {
      "nombre": "SITE GIS",
      "id": 2
    },
    {
      "nombre": "Algo",
      "id": 3
    },
    {
      "nombre": "Mas",
      "id": 4
    },
    {
      "nombre": "Java Lab",
      "id": 5
    },
    {
      "nombre": "Mail",
      "id": 6
    },
    {
      "nombre": "Magic",
      "id": 7
    },
    {
      "nombre": "Max",
      "id": 8
    },
    {
      "nombre": "Diego",
      "id": 9
    },
    {
      "nombre": "Area 11",
      "id": 10
    }
  ]
}